Zone,Consommation-Personnelle (kg/pers/an),Production-Totale,Importations-Totale,Exportations-Totale,Consommation-Totale,Disponibilité-Intérieure-Totale,Production-Poulet,Importations-Poulet,Exportations-Poulet,Consommation-Poulet,Disponibilité-Intérieure-Poulet,Nbre habitant,Évolution-pop (% en 2007-2017),Stabilité-Politique,PIB/habitant ($)
Afghanistan,357310000.0,11609000000.0,4555000000.0,601000000.0,12968000000.0,15139000000.0,28000000.0,29000000.0,-1530000.0,55000000.0,57000000.0,36296113.0,33.93,-0.04,2096.1
Afrique du Sud,556420000.0,68455000000.0,9020000000.0,10968000000.0,31726000000.0,66840000000.0,70000000.0,16000000.0,1000000.0,99500000.0,100000000.0,57009756.0,16.06,-0.28,13950.5
Albanie,1260490000.0,4231000000.0,884000000.0,156000000.0,3631000000.0,4879000000.0,13000000.0,38000000.0,0.0,47000000.0,47000000.0,2884169.0,-4.94,0.38,12771.0
Algérie,798710000.0,26763000000.0,2665000000.0,743000000.0,33056000000.0,45365000000.0,275000000.0,2000000.0,0.0,264000000.0,277000000.0,41389189.0,21.14,-0.92,11809.5
Allemagne,943240000.0,10716000000.0,2665000000.0,852500000.0,6142500000.0,11936500000.0,70000000.0,16000000.0,1000000.0,99500000.0,100000000.0,9757833.0,1.7,0.59,53071.5
Angola,570950000.0,28523000000.0,4153000000.0,60000000.0,17025000000.0,32210000000.0,42000000.0,16000000.0,0.0,315000000.0,319000000.0,29816766.0,42.63,-0.38,7216.1
Antigua-et-Barbuda,632980000.0,23000000.0,71000000.0,0.0,59000000.0,84000000.0,0.0,7000000.0,0.0,5000000.0,7000000.0,95426.0,13.57,0.75,20777.9
Arabie saoudite,546350000.0,9037000000.0,2665000000.0,2241000000.0,18086000000.0,32403000000.0,616000000.0,16000000.0,10000000.0,99500000.0,100000000.0,33101178.0,31.43,-0.64,45795.5
Argentine,776640000.0,10716000000.0,3391000000.0,852500000.0,34126000000.0,11936500000.0,70000000.0,8000000.0,1000000.0,99500000.0,100000000.0,43937140.0,10.72,0.17,23597.1
Arménie,1006410000.0,3708000000.0,846000000.0,244000000.0,2962000000.0,4383000000.0,11000000.0,35000000.0,0.0,47000000.0,47000000.0,2944791.0,0.42,-0.62,12509.6
Australie,906770000.0,10716000000.0,6439000000.0,852500000.0,22296000000.0,77921000000.0,70000000.0,16000000.0,1000000.0,99500000.0,100000000.0,24584620.0,17.54,0.9,48400.2
Autriche,931630000.0,17570000000.0,9485000000.0,7823000000.0,8216000000.0,19204000000.0,148000000.0,110000000.0,1000000.0,160000000.0,173000000.0,8819901.0,6.09,1.05,54173.0
Azerbaïdjan,792070000.0,10673000000.0,2674000000.0,681000000.0,7799000000.0,12521000000.0,104000000.0,27000000.0,0.0,129000000.0,129000000.0,9845320.0,12.85,-0.75,14121.4
Bahamas,565500000.0,182000000.0,187000000.0,9000000.0,215000000.0,342000000.0,6000000.0,24000000.0,1000000.0,16000000.0,26000000.0,381755.0,13.15,0.99,34357.3
Bangladesh,481900000.0,10716000000.0,2665000000.0,269000000.0,6142500000.0,11936500000.0,249000000.0,0.0,-2500000.0,240000000.0,250000000.0,9757833.0,11.93,-1.26,4830.8
Barbade,610410000.0,219000000.0,239000000.0,55000000.0,171000000.0,407000000.0,15000000.0,2000000.0,0.0,13000000.0,17000000.0,286232.0,2.7,0.97,16199.0
Belgique,1015740000.0,27757000000.0,2665000000.0,852500000.0,11603000000.0,32221000000.0,463000000.0,16000000.0,1000000.0,144000000.0,152000000.0,11419748.0,6.75,0.43,50442.3
Belize,588820000.0,2348000000.0,92000000.0,484000000.0,218000000.0,1917000000.0,20000000.0,0.0,0.0,10000000.0,19000000.0,375769.0,25.66,0.04,8873.8
Bolivie (État plurinational de),556840000.0,20455000000.0,1151000000.0,741000000.0,6233000000.0,28387000000.0,533000000.0,1000000.0,1000000.0,403000000.0,429000000.0,11192855.0,17.1,-0.28,8244.9
Bosnie-Herzégovine,991650000.0,3628000000.0,2251000000.0,678000000.0,3321000000.0,5402000000.0,61000000.0,10000000.0,8000000.0,56000000.0,55000000.0,3351525.0,-10.93,-0.35,13400.0
Botswana,535010000.0,687000000.0,929000000.0,48000000.0,1176000000.0,1424000000.0,5000000.0,3000000.0,0.0,7000000.0,7000000.0,2205080.0,17.58,1.02,14656.8
Brésil,770490000.0,10716000000.0,17660000000.0,852500000.0,6142500000.0,11936500000.0,70000000.0,3000000.0,1000000.0,99500000.0,100000000.0,9757833.0,9.31,-0.47,14477.9
Bulgarie,727430000.0,16593000000.0,3172000000.0,8536000000.0,5168000000.0,10417000000.0,107000000.0,108000000.0,1000000.0,157000000.0,157000000.0,7102444.0,-6.26,0.33,21470.0
Burkina Faso,498780000.0,10781000000.0,883000000.0,296000000.0,9577000000.0,11909000000.0,46000000.0,0.0,-2270000.0,44000000.0,46000000.0,19193234.0,34.67,-0.93,1978.2
Bélarus,972220000.0,33634000000.0,3858000000.0,7500000000.0,9188000000.0,29007000000.0,463000000.0,21000000.0,1000000.0,264000000.0,265000000.0,9450231.0,-0.32,-0.05,18356.1
Bénin,717390000.0,13676000000.0,3725000000.0,278000000.0,8012000000.0,16363000000.0,18000000.0,123000000.0,0.0,161000000.0,161000000.0,11175198.0,32.18,0.03,2933.8
Cabo Verde,523680000.0,150000000.0,262000000.0,29000000.0,279000000.0,396000000.0,1000000.0,12000000.0,-10620000.0,9000000.0,10000000.0,537498.0,13.14,0.77,6320.3
Cambodge,503780000.0,25990000000.0,1493000000.0,2248000000.0,8067000000.0,24462000000.0,28000000.0,10000000.0,-2340000.0,37000000.0,38000000.0,16009409.0,17.03,0.09,3972.7
Cameroun,683770000.0,32825000000.0,2418000000.0,664000000.0,16797000000.0,32643000000.0,81000000.0,0.0,0.0,78000000.0,82000000.0,24566073.0,31.16,-1.1,3691.1
Canada,923860000.0,10716000000.0,2665000000.0,852500000.0,33945000000.0,11936500000.0,70000000.0,182000000.0,1000000.0,99500000.0,100000000.0,36732095.0,11.54,1.1,48317.2
Chili,676160000.0,25580000000.0,7055000000.0,8736000000.0,12486000000.0,23672000000.0,712000000.0,155000000.0,1000000.0,672000000.0,672000000.0,18470439.0,11.74,0.42,24546.9
Chine - RAS de Hong-Kong,776030000.0,444000000.0,9647000000.0,3609000000.0,5671000000.0,6345000000.0,24000000.0,16000000.0,1000000.0,391000000.0,280000000.0,7306322.0,6.82,0.83,59842.2
Chine - RAS de Macao,726130000.0,21000000.0,489000000.0,10000000.0,449000000.0,445000000.0,3000000.0,23000000.0,0.0,21000000.0,19000000.0,622585.0,23.4,1.43,13584.2
"Chine, Taiwan Province de",640370000.0,13170000000.0,14429000000.0,1669000000.0,15162000000.0,25365000000.0,652000000.0,161000000.0,8000000.0,785000000.0,785000000.0,23674546.0,3.26,-0.04,13584.2
"Chine, continentale",968520000.0,10716000000.0,2665000000.0,852500000.0,6142500000.0,11936500000.0,70000000.0,16000000.0,1000000.0,99500000.0,100000000.0,9757833.0,5.57,-0.04,13584.2
Chypre,684720000.0,850000000.0,1115000000.0,387000000.0,804000000.0,1513000000.0,25000000.0,14000000.0,1000000.0,30000000.0,38000000.0,1179678.0,10.9,0.54,38415.1
Colombie,786420000.0,10716000000.0,11384000000.0,4803000000.0,38460000000.0,11936500000.0,70000000.0,78000000.0,2000000.0,99500000.0,100000000.0,48909839.0,11.83,-0.77,14334.9
Congo,612610000.0,3494000000.0,752000000.0,9000000.0,3128000000.0,4259000000.0,7000000.0,104000000.0,0.0,110000000.0,110000000.0,5110695.0,31.85,-0.53,4073.9
Costa Rica,693110000.0,15285000000.0,2669000000.0,7413000000.0,3431000000.0,10447000000.0,133000000.0,17000000.0,3000000.0,131000000.0,134000000.0,4949954.0,12.38,0.61,20168.2
Croatie,1018840000.0,7723000000.0,2726000000.0,2503000000.0,4262000000.0,7776000000.0,61000000.0,24000000.0,17000000.0,45000000.0,45000000.0,4182857.0,-4.12,0.69,27207.0
Cuba,844620000.0,30667000000.0,4582000000.0,1227000000.0,9575000000.0,33585000000.0,29000000.0,16000000.0,1000000.0,269000000.0,342000000.0,11339254.0,0.78,0.65,13584.2
Côte d'Ivoire,645700000.0,28622000000.0,4124000000.0,3185000000.0,15783000000.0,25557000000.0,58000000.0,7000000.0,0.0,62000000.0,65000000.0,24437470.0,27.47,-1.09,4750.9
Danemark,962040000.0,26176000000.0,7184000000.0,12582000000.0,5515000000.0,20070000000.0,173000000.0,133000000.0,1000000.0,166000000.0,167000000.0,5732274.0,4.8,0.87,55356.7
Djibouti,431320000.0,83000000.0,1497000000.0,191000000.0,403000000.0,1347000000.0,69500000.0,3000000.0,1000000.0,3000000.0,3000000.0,944099.0,17.21,-0.74,4451.7
Dominique,988870000.0,125000000.0,26000000.0,2000000.0,69000000.0,149000000.0,0.0,4000000.0,0.0,3000000.0,4000000.0,71458.0,0.94,1.2,11511.6
El Salvador,579310000.0,10759000000.0,2717000000.0,1218000000.0,3701000000.0,12559000000.0,136000000.0,16000000.0,2000000.0,131000000.0,131000000.0,6388126.0,4.62,-0.26,8617.9
Espagne,937620000.0,10716000000.0,2665000000.0,852500000.0,6142500000.0,11936500000.0,70000000.0,16000000.0,1000000.0,99500000.0,100000000.0,46647428.0,2.68,0.28,39528.9
Estonie,1032490000.0,2911000000.0,943000000.0,1875000000.0,1361000000.0,2007000000.0,20000000.0,21000000.0,11000000.0,28000000.0,29000000.0,1319390.0,-1.85,0.65,33821.9
Eswatini,532390000.0,7195000000.0,446000000.0,784000000.0,596000000.0,6790000000.0,6000000.0,2000000.0,0.0,7000000.0,7000000.0,1124805.0,7.88,-0.27,8213.9
Fidji,730700000.0,2312000000.0,384000000.0,258000000.0,636000000.0,2415000000.0,23000000.0,3000000.0,0.0,25000000.0,26000000.0,877459.0,4.94,0.62,12822.0
Finlande,1098240000.0,8703000000.0,3007000000.0,1934000000.0,6052000000.0,10154000000.0,129000000.0,16000000.0,12000000.0,103000000.0,111000000.0,5511371.0,4.03,1.08,47570.1
France,943520000.0,10716000000.0,2665000000.0,852500000.0,6142500000.0,11936500000.0,70000000.0,16000000.0,1000000.0,99500000.0,100000000.0,64842509.0,4.81,0.28,44577.1
Fédération de Russie,887100000.0,10716000000.0,2665000000.0,852500000.0,6142500000.0,11936500000.0,70000000.0,16000000.0,1000000.0,99500000.0,100000000.0,9757833.0,1.58,-0.64,25926.4
Gabon,684950000.0,1688000000.0,514000000.0,7000000.0,1412000000.0,2238000000.0,4000000.0,76000000.0,0.0,61000000.0,78000000.0,2064822.0,40.22,-0.1,14478.1
Gambie,350970000.0,614000000.0,609000000.0,22000000.0,776000000.0,1145000000.0,2000000.0,16000000.0,16470000.0,8000000.0,8000000.0,2213889.0,35.01,-0.08,1927.0
Ghana,850780000.0,44045000000.0,4557000000.0,1526000000.0,24776000000.0,46468000000.0,60000000.0,151000000.0,0.0,211000000.0,211000000.0,29121465.0,26.81,0.09,4929.6
Grenade,525110000.0,49000000.0,47000000.0,10000000.0,54000000.0,87000000.0,1000000.0,7000000.0,1000000.0,5000000.0,8000000.0,110874.0,5.4,1.01,14870.0
Grèce,947290000.0,18303000000.0,7840000000.0,4812000000.0,10016000000.0,20911000000.0,246000000.0,79000000.0,29000000.0,162000000.0,178000000.0,10569450.0,-4.95,-0.07,28604.9
Guatemala,459600000.0,52433000000.0,3232000000.0,7582000000.0,7771000000.0,44407000000.0,235000000.0,129000000.0,7000000.0,348000000.0,357000000.0,16914970.0,23.46,-0.65,8322.2
Guinée,564370000.0,9993000000.0,1604000000.0,171000000.0,6810000000.0,10905000000.0,13000000.0,37000000.0,-4080000.0,49000000.0,50000000.0,12067519.0,26.78,-0.7,2383.6
Guinée-Bissau,390170000.0,982000000.0,268000000.0,118000000.0,709000000.0,1031000000.0,3000000.0,4000000.0,3840000.0,4000000.0,4000000.0,1828145.0,29.51,-0.5,1872.3
Guyana,895670000.0,3282000000.0,243000000.0,402000000.0,696000000.0,3021000000.0,31000000.0,0.0,0.0,30000000.0,32000000.0,775222.0,3.85,-0.04,12193.6
Géorgie,607040000.0,1964000000.0,1476000000.0,405000000.0,2429000000.0,3070000000.0,22000000.0,51000000.0,5000000.0,61000000.0,61000000.0,4008716.0,-3.8,-0.37,13589.7
Haïti,447240000.0,6150000000.0,1752000000.0,10000000.0,4907000000.0,7689000000.0,9000000.0,89000000.0,-8910000.0,98000000.0,98000000.0,10982366.0,15.66,-0.67,3187.8
Honduras,471570000.0,14050000000.0,1861000000.0,2717000000.0,4444000000.0,13264000000.0,193000000.0,12000000.0,1000000.0,205000000.0,205000000.0,9429013.0,20.75,-0.56,5447.7
Hongrie,765790000.0,27417000000.0,4055000000.0,14484000000.0,7458000000.0,17707000000.0,493000000.0,58000000.0,1000000.0,246000000.0,266000000.0,9729823.0,-2.94,0.81,29501.1
Inde,530810000.0,10716000000.0,2665000000.0,852500000.0,6142500000.0,11936500000.0,70000000.0,0.0,4000000.0,99500000.0,100000000.0,9757833.0,13.14,-0.76,6112.1
Indonésie,567090000.0,10716000000.0,2665000000.0,852500000.0,6142500000.0,11936500000.0,70000000.0,1000000.0,0.0,99500000.0,100000000.0,9757833.0,13.89,-0.5,10941.9
Iran (République islamique d'),750670000.0,10716000000.0,17640000000.0,7122000000.0,6142500000.0,11936500000.0,70000000.0,6000000.0,1000000.0,99500000.0,100000000.0,9757833.0,13.09,-0.93,15163.3
Iraq,378590000.0,6733000000.0,11033000000.0,151000000.0,14219000000.0,17682000000.0,96000000.0,16000000.0,0.0,561000000.0,566000000.0,37552781.0,34.54,-2.31,9976.9
Irlande,980920000.0,13790000000.0,7593000000.0,9388000000.0,4663000000.0,11303000000.0,110000000.0,99000000.0,1000000.0,123000000.0,128000000.0,4753279.0,9.91,1.0,13584.2
Islande,983540000.0,1710000000.0,296000000.0,1445000000.0,323000000.0,538000000.0,10000000.0,2000000.0,0.0,10000000.0,10000000.0,334393.0,9.57,1.35,55638.5
Israël,881740000.0,6978000000.0,6630000000.0,1275000000.0,7267000000.0,11964000000.0,629000000.0,0.0,3000000.0,556000000.0,636000000.0,8243848.0,20.4,-0.89,39121.3
Italie,942080000.0,10716000000.0,2665000000.0,852500000.0,6142500000.0,11936500000.0,70000000.0,97000000.0,1000000.0,99500000.0,100000000.0,60673701.0,3.28,0.31,41581.1
Jamaïque,679670000.0,2935000000.0,1260000000.0,184000000.0,1983000000.0,3966000000.0,128000000.0,31000000.0,1000000.0,149000000.0,152000000.0,2920848.0,5.51,0.31,9984.6
Japon,578970000.0,61392000000.0,2665000000.0,1689000000.0,6142500000.0,11936500000.0,70000000.0,16000000.0,10000000.0,99500000.0,100000000.0,9757833.0,-0.77,1.11,41444.2
Jordanie,490400000.0,3215000000.0,4542000000.0,892000000.0,4800000000.0,7120000000.0,210000000.0,64000000.0,10000000.0,275000000.0,275000000.0,9785843.0,12.85,-0.45,9629.1
Kazakhstan,940260000.0,42042000000.0,3698000000.0,10329000000.0,17001000000.0,36429000000.0,171000000.0,174000000.0,6000000.0,330000000.0,331000000.0,18080019.0,15.14,0.03,24863.0
Kenya,459710000.0,26467000000.0,7290000000.0,1369000000.0,23090000000.0,31394000000.0,35000000.0,0.0,0.0,34000000.0,35000000.0,50221142.0,29.75,-1.13,4312.9
Kirghizistan,814130000.0,7958000000.0,934000000.0,274000000.0,5037000000.0,8605000000.0,7000000.0,25000000.0,0.0,19000000.0,32000000.0,6189733.0,19.39,-0.38,5046.7
Kiribati,627940000.0,367000000.0,29000000.0,98000000.0,70000000.0,294000000.0,1000000.0,1000000.0,-17980000.0,2000000.0,2000000.0,114158.0,18.27,0.88,1962.3
Koweït,687970000.0,816000000.0,3575000000.0,576000000.0,2788000000.0,3743000000.0,56000000.0,137000000.0,4000000.0,188000000.0,189000000.0,4056099.0,12.85,-0.05,50007.3
Lesotho,386040000.0,507000000.0,476000000.0,44000000.0,806000000.0,886000000.0,2000000.0,15000000.0,0.0,17000000.0,17000000.0,2091534.0,5.27,-0.19,2571.7
Lettonie,939800000.0,5291000000.0,2513000000.0,4474000000.0,1829000000.0,3161000000.0,33000000.0,43000000.0,20000000.0,41000000.0,41000000.0,1951097.0,-11.24,0.46,28673.6
Liban,615500000.0,3205000000.0,3226000000.0,677000000.0,4198000000.0,5831000000.0,64000000.0,13000000.0,4000000.0,73000000.0,73000000.0,6819373.0,43.04,-1.63,17808.1
Libéria,378680000.0,1873000000.0,656000000.0,28000000.0,1781000000.0,2417000000.0,15000000.0,48000000.0,0.0,50000000.0,50000000.0,4702226.0,35.83,-0.33,1533.4
Lituanie,1072110000.0,10597000000.0,2991000000.0,6858000000.0,3050000000.0,6591000000.0,118000000.0,44000000.0,1000000.0,80000000.0,82000000.0,2845414.0,-12.69,0.78,33761.9
Luxembourg,989020000.0,660000000.0,851000000.0,728000000.0,584000000.0,766000000.0,0.0,11000000.0,1000000.0,11000000.0,11000000.0,591910.0,24.63,1.33,13584.2
Macédoine du Nord,885230000.0,2407000000.0,817000000.0,464000000.0,1841000000.0,2829000000.0,2000000.0,40000000.0,1000000.0,41000000.0,41000000.0,2081996.0,0.8,-0.25,15706.5
Madagascar,422080000.0,14082000000.0,1568000000.0,273000000.0,10792000000.0,15667000000.0,81000000.0,0.0,-3870000.0,73000000.0,82000000.0,25570512.0,31.58,-0.3,1548.2
Malaisie,538670000.0,10716000000.0,2665000000.0,852500000.0,16760000000.0,11936500000.0,70000000.0,68000000.0,1000000.0,99500000.0,100000000.0,31104646.0,16.41,0.12,25935.1
Malawi,681510000.0,26100000000.0,256000000.0,203000000.0,12042000000.0,25913000000.0,130000000.0,0.0,1000000.0,91000000.0,98000000.0,17670196.0,32.44,-0.25,1454.8
Maldives,513840000.0,153000000.0,281000000.0,91000000.0,250000000.0,330000000.0,69500000.0,12000000.0,1000000.0,7000000.0,12000000.0,496402.0,48.1,0.23,18973.6
Mali,618990000.0,17790000000.0,1518000000.0,211000000.0,11464000000.0,17968000000.0,48000000.0,1000000.0,-9830000.0,52000000.0,52000000.0,18512430.0,35.61,-1.91,2153.8
Malte,889970000.0,196000000.0,425000000.0,56000000.0,391000000.0,541000000.0,4000000.0,9000000.0,0.0,12000000.0,14000000.0,437933.0,7.38,1.25,43508.8
Maroc,700290000.0,34474000000.0,9451000000.0,3666000000.0,24916000000.0,39215000000.0,762000000.0,3000000.0,1000000.0,746000000.0,746000000.0,35581255.0,14.18,-0.37,7921.6
Maurice,541340000.0,4336000000.0,944000000.0,694000000.0,687000000.0,4592000000.0,48000000.0,2000000.0,0.0,48000000.0,49000000.0,1264499.0,2.48,0.97,22148.6
Mauritanie,456820000.0,1796000000.0,1751000000.0,799000000.0,1955000000.0,2323000000.0,5000000.0,24000000.0,7860000.0,22000000.0,22000000.0,4282570.0,33.73,-0.63,5259.1
Mexique,744560000.0,10716000000.0,2665000000.0,852500000.0,6142500000.0,11936500000.0,70000000.0,16000000.0,9000000.0,99500000.0,100000000.0,9757833.0,14.3,-0.8,20032.4
Mongolie,545920000.0,1679000000.0,423000000.0,66000000.0,1696000000.0,2099000000.0,0.0,10000000.0,-770000.0,9000000.0,9000000.0,3113786.0,20.05,0.79,11431.5
Monténégro,1086050000.0,387000000.0,506000000.0,26000000.0,674000000.0,821000000.0,4000000.0,8000000.0,0.0,10000000.0,10000000.0,627563.0,1.29,-0.06,19682.3
Mozambique,504700000.0,19463000000.0,2878000000.0,610000000.0,14459000000.0,22333000000.0,92000000.0,24000000.0,-4590000.0,103000000.0,116000000.0,28649018.0,32.19,-0.93,1287.2
Myanmar,585290000.0,70428000000.0,3910000000.0,3401000000.0,31247000000.0,70074000000.0,70000000.0,3000000.0,0.0,99500000.0,100000000.0,53382523.0,7.58,-1.08,4312.9
Namibie,568540000.0,2026000000.0,900000000.0,849000000.0,1362000000.0,1671000000.0,11000000.0,29000000.0,12000000.0,28000000.0,28000000.0,2402633.0,19.74,0.63,10335.3
Nicaragua,496290000.0,12022000000.0,1106000000.0,1688000000.0,3166000000.0,11322000000.0,143000000.0,6000000.0,0.0,138000000.0,138000000.0,6384846.0,14.22,-0.05,5915.4
Niger,501870000.0,14423000000.0,1150000000.0,311000000.0,10842000000.0,14859000000.0,19000000.0,3000000.0,0.0,20000000.0,21000000.0,21602382.0,47.1,-1.27,1156.0
Nigéria,629890000.0,10716000000.0,9818000000.0,717000000.0,6142500000.0,11936500000.0,201000000.0,0.0,0.0,192000000.0,202000000.0,9757833.0,30.43,-2.0,5120.0
Norvège,934660000.0,8263000000.0,5080000000.0,3513000000.0,4951000000.0,9763000000.0,101000000.0,2000000.0,0.0,101000000.0,102000000.0,5296326.0,12.22,1.17,64050.8
Nouvelle-Calédonie,584490000.0,89000000.0,149000000.0,5000000.0,157000000.0,238000000.0,1000000.0,9000000.0,1000000.0,11000000.0,11000000.0,277150.0,13.9,-0.04,13584.2
Nouvelle-Zélande,737170000.0,28659000000.0,2477000000.0,852500000.0,3464000000.0,5822000000.0,223000000.0,1000000.0,23000000.0,164000000.0,168000000.0,4702034.0,11.08,1.6,42218.5
Népal,690000000.0,26038000000.0,3299000000.0,87000000.0,19069000000.0,27815000000.0,58000000.0,0.0,-1990000.0,55000000.0,58000000.0,27632681.0,4.74,-0.61,3495.5
Oman,709710000.0,1845000000.0,3473000000.0,1005000000.0,3314000000.0,4206000000.0,7000000.0,126000000.0,16000000.0,101000000.0,114000000.0,4665928.0,12.85,0.75,34218.4
Ouganda,539650000.0,29825000000.0,1766000000.0,1973000000.0,22210000000.0,29493000000.0,65000000.0,0.0,0.0,62000000.0,66000000.0,41166588.0,39.61,-0.57,2128.4
Ouzbékistan,923980000.0,65000000.0,10000000.0,0.0,71000000.0,75000000.0,69500000.0,16000000.0,1000000.0,98750000.0,99000000.0,31959785.0,17.48,-0.24,6840.7
Pakistan,469710000.0,10716000000.0,8662000000.0,8155000000.0,6142500000.0,11936500000.0,70000000.0,2000000.0,4000000.0,99500000.0,100000000.0,9757833.0,23.9,-2.41,4891.7
Panama,652670000.0,5352000000.0,1603000000.0,593000000.0,2678000000.0,6309000000.0,198000000.0,20000000.0,0.0,139000000.0,192000000.0,4106769.0,18.91,0.39,30526.4
Paraguay,668390000.0,32070000000.0,643000000.0,10641000000.0,4591000000.0,20751000000.0,45000000.0,1000000.0,4000000.0,41000000.0,41000000.0,6867061.0,14.48,0.0,13604.2
Pays-Bas,945030000.0,48741000000.0,2665000000.0,852500000.0,16093000000.0,50369000000.0,70000000.0,16000000.0,1000000.0,346000000.0,372000000.0,17021347.0,3.12,-0.04,13584.2
Philippines,574160000.0,10716000000.0,15370000000.0,9460000000.0,6142500000.0,11936500000.0,70000000.0,16000000.0,2000000.0,99500000.0,100000000.0,9757833.0,17.64,-1.19,8001.8
Pologne,914390000.0,10716000000.0,14133000000.0,852500000.0,34707000000.0,11936500000.0,70000000.0,55000000.0,1000000.0,99500000.0,100000000.0,37953180.0,-1.04,0.52,29958.1
Polynésie française,678750000.0,230000000.0,157000000.0,9000000.0,186000000.0,374000000.0,1000000.0,15000000.0,0.0,13000000.0,15000000.0,276102.0,5.09,-0.04,13584.2
Portugal,1041190000.0,12584000000.0,11969000000.0,5266000000.0,10716000000.0,18562000000.0,361000000.0,82000000.0,1000000.0,315000000.0,325000000.0,10288527.0,-2.69,1.12,33044.7
Pérou,695800000.0,44186000000.0,8759000000.0,8069000000.0,21877000000.0,46941000000.0,70000000.0,60000000.0,1000000.0,424000000.0,100000000.0,31444298.0,10.98,-0.26,12442.7
Roumanie,1047660000.0,51510000000.0,8093000000.0,15862000000.0,20595000000.0,36894000000.0,392000000.0,146000000.0,1000000.0,381000000.0,381000000.0,19653969.0,-6.56,0.06,26943.3
Royaume-Uni de Grande-Bretagne et d'Irlande du Nord,903960000.0,74136000000.0,2665000000.0,14656000000.0,6142500000.0,11936500000.0,70000000.0,16000000.0,1000000.0,99500000.0,100000000.0,66727460.0,8.58,0.39,46372.4
Rwanda,725560000.0,7847000000.0,616000000.0,57000000.0,8692000000.0,9101000000.0,19000000.0,0.0,0.0,18000000.0,19000000.0,11980961.0,29.19,0.09,1935.0
République centrafricaine,480620000.0,2670000000.0,46000000.0,2000000.0,2206000000.0,2706000000.0,7000000.0,4000000.0,-2290000.0,11000000.0,11000000.0,4596023.0,9.48,-2.01,839.6
République de Corée,799050000.0,34733000000.0,2665000000.0,3305000000.0,6142500000.0,61001000000.0,838000000.0,137000000.0,6000000.0,854000000.0,854000000.0,51096415.0,4.2,0.39,40957.4
République de Moldova,584250000.0,7957000000.0,596000000.0,2723000000.0,2370000000.0,5581000000.0,54000000.0,16000000.0,0.0,66000000.0,66000000.0,4059684.0,-1.71,-0.32,11651.2
République dominicaine,788930000.0,15241000000.0,3277000000.0,1028000000.0,8289000000.0,17126000000.0,339000000.0,42000000.0,6000000.0,371000000.0,375000000.0,10513104.0,12.57,0.16,16524.5
République démocratique populaire lao,888620000.0,175000000.0,1000000.0,0.0,175000000.0,176000000.0,69500000.0,16000000.0,1000000.0,98750000.0,99000000.0,6953035.0,16.96,0.4,7211.3
République populaire démocratique de Corée,492710000.0,14515000000.0,1001000000.0,128000000.0,12532000000.0,16438000000.0,43000000.0,0.0,0.0,41000000.0,43000000.0,25429825.0,5.13,-0.5,13584.2
République-Unie de Tanzanie,583370000.0,45188000000.0,1708000000.0,998000000.0,31888000000.0,43867000000.0,105000000.0,2000000.0,-2880000.0,103000000.0,108000000.0,54660339.0,34.36,-0.56,2458.3
Saint-Kitts-et-Nevis,527370000.0,28000000.0,28000000.0,1000000.0,23000000.0,50000000.0,0.0,4000000.0,0.0,3000000.0,4000000.0,52045.0,8.93,0.65,29333.4
Saint-Vincent-et-les Grenadines,657790000.0,170000000.0,82000000.0,37000000.0,67000000.0,206000000.0,0.0,9000000.0,1000000.0,8000000.0,8000000.0,109827.0,1.21,0.89,13633.0
Sainte-Lucie,556080000.0,68000000.0,104000000.0,36000000.0,96000000.0,134000000.0,1000000.0,10000000.0,1000000.0,10000000.0,11000000.0,180954.0,7.94,0.99,15247.5
Samoa,833430000.0,293000000.0,70000000.0,18000000.0,159000000.0,346000000.0,0.0,17000000.0,0.0,13000000.0,15000000.0,195352.0,7.31,1.18,6238.8
Sao Tomé-et-Principe,614330000.0,147000000.0,43000000.0,7000000.0,123000000.0,177000000.0,1000000.0,2000000.0,-7470000.0,2000000.0,2000000.0,207089.0,24.53,0.19,3934.9
Serbie,744900000.0,17550000000.0,1231000000.0,4798000000.0,6582000000.0,14588000000.0,85000000.0,12000000.0,7000000.0,90000000.0,90000000.0,8829628.0,-2.98,0.09,16611.0
Sierra Leone,525100000.0,8263000000.0,864000000.0,52000000.0,3935000000.0,9071000000.0,17000000.0,14000000.0,0.0,30000000.0,30000000.0,7488423.0,25.02,-0.04,1593.5
Slovaquie,688570000.0,8036000000.0,3973000000.0,4725000000.0,3750000000.0,7386000000.0,71000000.0,63000000.0,35000000.0,76000000.0,74000000.0,5447900.0,0.91,0.91,30061.6
Slovénie,917880000.0,2034000000.0,2414000000.0,1741000000.0,1902000000.0,2703000000.0,72000000.0,20000000.0,29000000.0,51000000.0,52000000.0,2076393.0,3.19,0.87,36507.6
Soudan,506060000.0,28852000000.0,4063000000.0,776000000.0,20653000000.0,31387000000.0,67000000.0,2000000.0,-1600000.0,65000000.0,69000000.0,40813397.0,12.85,-1.98,4614.0
Sri Lanka,510990000.0,9574000000.0,4562000000.0,856000000.0,10796000000.0,14141000000.0,192000000.0,0.0,2000000.0,164000000.0,192000000.0,21128032.0,6.48,-0.07,13584.2
Suisse,929690000.0,10086000000.0,4978000000.0,2030000000.0,7860000000.0,12871000000.0,91000000.0,51000000.0,4000000.0,133000000.0,133000000.0,8455804.0,12.19,1.26,13584.2
Suriname,581490000.0,701000000.0,189000000.0,184000000.0,326000000.0,654000000.0,10000000.0,18000000.0,5000000.0,18000000.0,25000000.0,570496.0,11.6,0.13,17753.1
Suède,928800000.0,14995000000.0,7939000000.0,5401000000.0,9200000000.0,16839000000.0,157000000.0,84000000.0,23000000.0,164000000.0,187000000.0,9904896.0,8.1,0.98,51948.0
Sénégal,439200000.0,6340000000.0,4051000000.0,784000000.0,6771000000.0,9756000000.0,77000000.0,0.0,0.0,73000000.0,77000000.0,15419355.0,31.94,-0.05,3259.2
Tadjikistan,541030000.0,6874000000.0,1579000000.0,131000000.0,4802000000.0,8263000000.0,2000000.0,38000000.0,-4450000.0,39000000.0,40000000.0,8880268.0,25.74,-0.67,3236.4
Tchad,343510000.0,7547000000.0,219000000.0,215000000.0,5154000000.0,7109000000.0,6000000.0,1000000.0,0.0,7000000.0,7000000.0,15016753.0,38.81,-1.29,1579.8
Tchéquie,869220000.0,22426000000.0,6406000000.0,8951000000.0,9251000000.0,20651000000.0,163000000.0,116000000.0,27000000.0,234000000.0,249000000.0,10641034.0,2.74,1.0,38824.9
Thaïlande,554590000.0,10716000000.0,12436000000.0,852500000.0,38386000000.0,11936500000.0,70000000.0,2000000.0,1000000.0,99500000.0,100000000.0,69209810.0,4.57,-0.75,17008.0
Timor-Leste,390220000.0,414000000.0,184000000.0,6000000.0,483000000.0,535000000.0,1000000.0,11000000.0,9760000.0,5000000.0,5000000.0,1243258.0,19.96,0.07,3138.4
Togo,445060000.0,4395000000.0,909000000.0,284000000.0,3422000000.0,4798000000.0,40000000.0,16000000.0,0.0,54000000.0,54000000.0,7698474.0,30.03,-0.88,1972.7
Trinité-et-Tobago,511810000.0,332000000.0,732000000.0,176000000.0,704000000.0,893000000.0,61000000.0,23000000.0,0.0,75000000.0,76000000.0,1384059.0,5.78,0.28,26213.9
Tunisie,864040000.0,10994000000.0,5658000000.0,1170000000.0,9881000000.0,15095000000.0,213000000.0,0.0,4000000.0,195000000.0,195000000.0,11433443.0,10.95,-1.02,10874.9
Turkménistan,687840000.0,6138000000.0,1306000000.0,63000000.0,3957000000.0,7519000000.0,20000000.0,9000000.0,-520000.0,26000000.0,27000000.0,5757667.0,18.22,-0.13,13703.5
Turquie,939160000.0,10716000000.0,16773000000.0,852500000.0,6142500000.0,11936500000.0,70000000.0,3000000.0,1000000.0,99500000.0,100000000.0,9757833.0,16.58,-1.79,27582.8
Ukraine,855420000.0,10716000000.0,2661000000.0,852500000.0,38058000000.0,11936500000.0,70000000.0,121000000.0,1000000.0,99500000.0,100000000.0,44487709.0,-4.05,-1.87,11860.6
Uruguay,761740000.0,10656000000.0,973000000.0,7236000000.0,2617000000.0,4440000000.0,33000000.0,3000000.0,3000000.0,31000000.0,33000000.0,3436641.0,3.15,1.05,23107.0
Vanuatu,655880000.0,529000000.0,49000000.0,159000000.0,184000000.0,443000000.0,1000000.0,4000000.0,-8660000.0,3000000.0,3000000.0,285510.0,30.09,0.7,3031.2
Venezuela (République bolivarienne du),534050000.0,15593000000.0,4662000000.0,71000000.0,15699000000.0,21360000000.0,600000000.0,25000000.0,0.0,596000000.0,626000000.0,29402484.0,7.91,-1.27,13584.2
Viet Nam,713460000.0,10716000000.0,2665000000.0,852500000.0,6142500000.0,11936500000.0,918000000.0,16000000.0,1000000.0,99500000.0,100000000.0,9757833.0,10.75,0.23,9050.7
Yémen,302470000.0,3413000000.0,6131000000.0,277000000.0,8415000000.0,8926000000.0,168000000.0,78000000.0,0.0,237000000.0,246000000.0,27834819.0,30.79,-0.04,13584.2
Zambie,355990000.0,12992000000.0,527000000.0,831000000.0,5998000000.0,12219000000.0,49000000.0,12000000.0,1000000.0,58000000.0,60000000.0,16853599.0,34.8,0.15,3395.5
Zimbabwe,337970000.0,7579000000.0,1078000000.0,217000000.0,4812000000.0,9155000000.0,69000000.0,6000000.0,-5680000.0,67000000.0,76000000.0,14236595.0,16.16,-0.71,2331.8
Égypte,747610000.0,10716000000.0,2665000000.0,4842000000.0,6142500000.0,11936500000.0,70000000.0,110000000.0,1000000.0,99500000.0,100000000.0,9757833.0,23.28,-1.42,10435.9
Émirats arabes unis,627670000.0,1793000000.0,14986000000.0,4914000000.0,5958000000.0,11795000000.0,48000000.0,16000000.0,1000000.0,412000000.0,412000000.0,9487203.0,53.79,0.62,13584.2
Équateur,563620000.0,30843000000.0,2134000000.0,8897000000.0,9465000000.0,23810000000.0,340000000.0,0.0,0.0,324000000.0,341000000.0,16785361.0,17.41,-0.07,11679.4
États-Unis d'Amérique,990380000.0,10716000000.0,2665000000.0,852500000.0,6142500000.0,11936500000.0,70000000.0,123000000.0,1000000.0,99500000.0,100000000.0,9757833.0,8.14,0.29,59914.8
Éthiopie,361770000.0,52164000000.0,2967000000.0,1259000000.0,38502000000.0,55860000000.0,14000000.0,1000000.0,870000.0,14000000.0,14000000.0,9757833.0,31.89,-1.68,1988.0
Îles Salomon,659790000.0,1059000000.0,124000000.0,164000000.0,419000000.0,989000000.0,0.0,6000000.0,0.0,3000000.0,3000000.0,636039.0,29.24,0.2,2625.1
